effective_from,effective_to,divisor,reason,calibrated_at,calibration_source
# HOW TO FILL THIS IN:
#   effective_from     - date (YYYY-MM-DD) from which this divisor applies
#   effective_to       - date (YYYY-MM-DD) this divisor stopped applying, or BLANK if still current
#   divisor            - the index divisor value (see calibration formula below)
#   reason             - why this divisor exists/changed, e.g. "initial calibration", "constituent change"
#   calibrated_at      - timestamp (YYYY-MM-DD HH:MM) when this value was computed/entered
#   calibration_source - what it was calibrated against, e.g. "^NSEI close 2024-01-02 + constituent closes"
#
# CALIBRATION FORMULA (do this once, using a timestamp where ^NSEI and ALL 50
# constituent prices are available for approximately the same moment):
#
#   divisor = sum(price_i * shares_i * iwf_i for all i) / official_NISEI_value
#
# After this initial calibration, do NOT keep recalibrating against ^NSEI - the
# reconstructed index should run independently from that point on. Only add a new
# row (closing out the old one via effective_to) when a real corporate-action /
# constituent-change event requires a divisor adjustment.
#
# Do NOT invent a divisor value - this file ships empty on purpose.
#
# Example row shape (illustrative only, not real data):
# YYYY-MM-DD,,0.00000000,"initial calibration",YYYY-MM-DD HH:MM,"^NSEI close + constituent closes on YYYY-MM-DD"
